,Resident,Work,percent,Number
1,WA,AL,0.001529922,11449
2,WY,AL,0.008635119,4963
3,MA,AL,0.002294115,15823
4,TN,AL,0.088279124,595826
5,PA,AL,0.004046256,51795
6,MD,AL,0.005408065,32494
7,OH,AL,0.005033868,58799
8,KS,AL,0.005588188,16143
9,GA,AL,0.078255705,818253
10,CA,AL,0.001328317,52337
11,AL,AL,0.844453212,4115919
12,CT,AL,0.00083713,2985
13,MO,AL,0.004841637,29571
14,ID,AL,0.002841769,4975
15,ME,AL,0.00848743,11348
16,NM,AL,0.000931963,1942
17,DC,AL,0.007926393,5535
18,AR,AL,0.011892709,35780
19,OK,AL,0.008854725,34740
20,MS,AL,0.148870172,442594
21,FL,AL,0.019853681,421510
22,WV,AL,0.007142932,12892
23,NV,AL,0.000348264,1053
24,NE,AL,0.002331147,4482
25,SC,AL,0.024572231,123917
26,IL,AL,0.005093775,64759
27,SD,AL,0.003016693,2651
28,WI,AL,0.007461664,43356
29,NH,AL,0.001391727,1886
30,VT,AL,0.008000294,5006
31,NY,AL,0.002167363,42301
32,IN,AL,0.008615291,57628
33,NJ,AL,0.000602979,5366
34,TX,AL,0.004976371,142262
35,VA,AL,0.003953028,33212
36,MI,AL,0.007551085,75452
37,IA,AL,0.007533104,23762
38,CO,AL,0.009576075,54196
39,AZ,AL,0.002797392,20007
40,UT,AL,0.008090246,25535
41,NC,AL,0.008328491,85668
42,KY,AL,0.014435664,64263
43,MN,AL,0.001549819,8693
44,LA,AL,0.024953871,115887
45,NM,AK,0.001768426,3685
46,CO,AK,0.011646215,65912
47,VA,AK,0.002292166,19258
48,AL,AK,0.002236942,10903
49,NV,AK,0.009746776,29470
50,OH,AK,0.001678669,19608
51,MD,AK,0.002910076,17485
52,IA,AK,0.00374975,11828
53,NC,AK,0.001516118,15595
54,MT,AK,0.081893262,86704
55,ID,AK,0.058584428,102562
56,OK,AK,0.015596704,61191
57,AZ,AK,0.005001525,35771
58,HI,AK,0.00988289,13591
59,CT,AK,0.001702865,6072
60,AK,AK,0.960135264,689380
61,AR,AK,0.006565254,19752
62,NJ,AK,0.000708157,6302
63,WI,AK,0.005351519,31095
64,OR,AK,0.03156154,132185
65,NE,AK,0.007530717,14479
66,TX,AK,0.005278566,150901
67,CA,AK,0.003058731,120517
68,IN,AK,0.002732082,18275
69,VT,AK,0.012850652,8041
70,LA,AK,0.013186123,61237
71,ME,AK,0.003720917,4975
72,WA,AK,0.050662888,379130
73,KS,AK,0.003239093,9357
74,MS,AK,0.00497743,14798
75,TN,AK,0.003912826,26409
76,NY,AK,0.000517491,10100
77,ND,AK,0.01174522,8843
78,MA,AK,0.000822506,5673
79,KY,AK,0.003886845,17303
80,GA,AK,0.004257496,44517
81,SC,AK,0.002669459,13462
82,PA,AK,0.002561731,32792
83,MO,AK,0.001540856,9411
84,UT,AK,0.019219522,60662
85,FL,AK,0.003192764,67785
86,SD,AK,0.00635201,5582
87,NH,AK,0.006019255,8157
88,MI,AK,0.002947197,29449
89,WY,AK,0.056842501,32670
90,MN,AK,0.012405864,69585
91,IL,AK,0.001740217,22124
92,SD,AZ,0.007541162,6627
93,MO,AZ,0.009210915,56257
94,OH,AZ,0.004606838,53811
95,NV,AZ,0.016999806,51400
96,MS,AZ,0.005860371,17423
97,DE,AZ,0.01432212,13803
98,AL,AZ,0.006967902,33962
99,TX,AZ,0.004763446,136175
100,LA,AZ,0.007141613,33166
101,CA,AZ,0.008512275,335392
102,FL,AZ,0.003843233,81595
103,GA,AZ,0.006499719,67962
104,PA,AZ,0.004865898,62287
105,HI,AZ,0.009734549,13387
106,IA,AZ,0.00847593,26736
107,WI,AZ,0.008391533,48759
108,RI,AZ,0.00974754,10263
109,TN,AZ,0.006144303,41470
110,AR,AZ,0.009614547,28926
111,OK,AZ,0.014559574,57122
112,KS,AZ,0.006034744,17433
113,ID,AZ,0.031632461,55378
114,IN,AZ,0.002712199,18142
115,UT,AZ,0.032072668,101230
116,MI,AZ,0.006728944,67237
117,ND,AZ,0.011723969,8827
118,AZ,AZ,0.066358465,474597
119,CT,AZ,0.001368013,4878
120,MT,AZ,0.033792872,35778
121,OR,AZ,0.015456404,64734
122,CO,AZ,0.023742469,134371
123,MD,AZ,0.002550082,15322
124,IL,AZ,0.005709899,72592
125,MN,AZ,0.010026669,56240
126,NH,AZ,0.005378736,7289
127,SC,AZ,0.007164232,36129
128,ME,AZ,0.012925606,17282
129,VT,AZ,0.013745611,8601
130,KY,AZ,0.004345323,19344
131,NM,AZ,0.085544306,178255
132,NJ,AZ,0.003017816,26856
133,NC,AZ,0.006168885,63454
134,AK,AZ,0.006866267,4930
135,VA,AZ,0.006761402,56807
136,WA,AZ,0.007679945,57472
137,NY,AZ,0.00265693,51856
138,NE,AZ,0.01021346,19637
139,WY,AZ,0.017894861,10285
140,MA,AZ,0.003621753,24980
141,UT,AR,0.003916965,12363
142,OR,AR,0.002809344,11766
143,NJ,AR,0.001521943,13544
144,IL,AR,0.009205828,117037
145,ID,AR,0.001108147,1940
146,LA,AR,0.047846394,222201
147,MS,AR,0.070321088,209066
148,KY,AR,0.0125101,55691
149,DE,AR,0.006886612,6637
150,PA,AR,0.004984016,63799
151,WI,AR,0.006931589,40276
152,ME,AR,0.006783662,9070
153,CO,AR,0.005300979,30001
154,TX,AR,0.015742301,450033
155,AZ,AR,0.002776978,19861
156,IN,AR,0.007272497,48646
157,NC,AR,0.00523559,53854
158,MA,AR,0.001865246,12865
159,MO,AR,0.079619559,486288
160,VA,AR,0.003010596,25294
161,MN,AR,0.003539999,19856
162,AL,AR,0.017129238,83489
163,CA,AR,0.000840994,33136
164,FL,AR,0.00224857,47739
165,NE,AR,0.009030723,17363
166,DC,AR,0.002498926,1745
167,OK,AR,0.111903692,439035
168,TN,AR,0.029750308,200795
169,KS,AR,0.020551293,59368
170,IA,AR,0.014361465,45301
171,NV,AR,0.001645409,4975
172,WV,AR,0.003326572,6004
173,GA,AR,0.008160178,85324
174,NY,AR,0.000898743,17541
175,MI,AR,0.007361237,73555
176,WA,AR,0.001585378,11864
177,SC,AR,0.005791231,29205
178,AR,AR,1.349336528,4059568
179,MD,AR,0.001875197,11267
180,SD,AR,0.013313958,11700
181,OH,AR,0.005495999,64197
182,NE,CA,0.021776092,41868
183,MT,CA,0.113781991,120466
184,NM,CA,0.050887476,106038
185,IA,CA,0.01902329,60006
186,ME,CA,0.032890663,43976
187,RI,CA,0.029515206,31076
188,PA,CA,0.021048892,269441
189,DC,CA,0.050084491,34974
190,DE,CA,0.002596098,2502
191,SC,CA,0.01854126,93503
192,LA,CA,0.027350702,127018
193,TN,CA,0.019239801,129856
194,VA,CA,0.027375423,229999
195,KS,CA,0.028221334,81525
196,AK,CA,0.019448387,13964
197,IN,CA,0.021804633,145852
198,CO,CA,0.066916087,378713
199,VT,CA,0.031462603,19687
200,OR,CA,0.114011452,477499
201,CA,CA,0.145679991,5739935
202,WV,CA,0.009484941,17119
203,UT,CA,0.079490348,250893
204,MD,CA,0.020881814,125467
205,TX,CA,0.022037256,629990
206,MN,CA,0.041677535,233771
207,NJ,CA,0.0212736,189317
208,NC,CA,0.019715856,202800
209,HI,CA,0.065755287,90427
210,AZ,CA,0.053435121,382169
211,CT,CA,0.031010254,110575
212,GA,CA,0.022653951,236873
213,MS,CA,0.02172942,64602
214,AR,CA,0.026227445,78907
215,WA,CA,0.060543842,453073
216,AL,CA,0.023918438,116580
217,KY,CA,0.014632444,65139
218,SD,CA,0.044827072,39393
219,OK,CA,0.044215002,173470
220,NY,CA,0.014654206,286010
221,ND,CA,0.02046083,15405
222,MO,CA,0.024284647,148322
223,MA,CA,0.026230019,180914
224,MI,CA,0.023339889,233217
225,IL,CA,0.019122089,243106
226,FL,CA,0.016507461,350467
227,WI,CA,0.033460632,194423
228,ID,CA,0.087146064,152564
229,WY,CA,0.054328347,31225
230,OH,CA,0.018270683,213414
231,NV,CA,0.141136751,426736
232,NH,CA,0.037467411,50774
233,UT,CO,0.06112785,192936
234,ME,CO,0.001359724,1818
235,CO,CO,0.555675118,3144855
236,WY,CO,0.374354932,215159
237,NE,CO,0.114591303,220320
238,OK,CO,0.032406918,127143
239,VT,CO,0.009103011,5696
240,AZ,CO,0.022117671,158186
241,IA,CO,0.020887069,65885
242,ID,CO,0.034304581,60056
243,NY,CO,0.0033186,64770
244,TN,CO,0.014640835,98816
245,NH,CO,0.007748952,10501
246,IN,CO,0.006569257,43942
247,CA,CO,0.006063199,238896
248,IL,CO,0.005352086,68043
249,PA,CO,0.008421323,107799
250,KS,CO,0.046948323,135623
251,OH,CO,0.006023536,70359
252,WV,CO,0.001297053,2341
253,NJ,CO,0.002529904,22514
254,WA,CO,0.011295955,84532
255,AL,CO,0.00644575,31417
256,MT,CO,0.078608238,83226
257,LA,CO,0.008298147,38537
258,AR,CO,0.012322482,37073
259,NM,CO,0.063914801,133184
260,DC,CO,0.001897465,1325
261,NV,CO,0.016809963,50826
262,SC,CO,0.003740059,18861
263,AK,CO,0.033437186,24008
264,CT,CO,0.007323272,26113
265,MN,CO,0.015586978,87428
266,DE,CO,0.001092602,1053
267,HI,CO,0.010626052,14613
268,KY,CO,0.004737983,21092
269,MA,CO,0.003980014,27451
270,SD,CO,0.04131196,36304
271,MD,CO,0.00434922,26132
272,TX,CO,0.013203359,377451
273,NC,CO,0.00449119,46197
274,MS,CO,0.006905436,20530
275,GA,CO,0.007779923,81348
276,OR,CO,0.016772493,70246
277,VA,CO,0.008531647,71680
278,FL,CO,0.007370745,156487
279,ND,CO,0.023426688,17638
280,MI,CO,0.011467837,114589
281,MO,CO,0.018754856,114548
282,WI,CO,0.016878238,98071
283,KS,CT,0.001722185,4975
284,NH,CT,0.089040262,120663
285,MI,CT,0.006420604,64156
286,FL,CT,0.006424904,136406
287,PA,CT,0.019145562,245077
288,RI,CT,0.088895136,93596
289,OR,CT,0.001147757,4807
290,GA,CT,0.004568988,47774
291,MS,CT,0.001569784,4667
292,NY,CT,0.023418805,457071
293,CA,CT,0.001889014,74429
294,DE,CT,0.008551975,8242
295,HI,CT,0.000962038,1323
296,SC,CT,0.00714123,36013
297,ID,CT,0.002207155,3864
298,VT,CT,0.180912762,113202
299,TX,CT,0.002514246,71876
300,MN,CT,0.00203172,11396
301,OH,CT,0.004998767,58389
302,WI,CT,0.004223217,24539
303,TN,CT,0.001818844,12276
304,WV,CT,0.010546519,19035
305,OK,CT,0.002233307,8762
306,KY,CT,0.00023654,1053
307,CT,CT,0.060364759,215246
308,UT,CT,0.005406698,17065
309,AZ,CT,0.002902677,20760
310,ME,CT,0.083955855,112252
311,VA,CT,0.009429089,79220
312,NJ,CT,0.021116619,187920
313,WY,CT,0.014717806,8459
314,MD,CT,0.006889649,41396
315,NM,CT,0.000428069,892
316,IL,CT,0.002864703,36420
317,NV,CT,0.000988899,2990
318,NC,CT,0.006676656,68677
319,MO,CT,0.003094482,18900
320,IN,CT,0.003998632,26747
321,AL,CT,0.002881579,14045
322,LA,CT,0.003332868,15478
323,SD,CT,0.001891265,1662
324,WA,CT,0.002136198,15986
325,AK,CT,0.004270177,3066
326,MA,CT,0.038639236,266503
327,CO,CT,0.005971883,33798
328,MT,CT,0.004233318,4482
329,NE,CT,0.002779484,5344
330,PA,DE,0.012619289,161536
331,MA,DE,0.002186681,15082
332,NY,DE,0.003654918,71334
333,SC,DE,0.001691067,8528
334,FL,DE,0.002317951,49212
335,OK,DE,0.002931184,11500
336,MO,DE,0.001483551,9061
337,AK,DE,0.003610013,2592
338,WV,DE,0.002140885,3864
339,CA,DE,0.000214741,8461
340,NE,DE,0.002331147,4482
341,IL,DE,0.000803485,10215
342,NV,DE,0.000295016,892
343,DE,DE,0.034199599,32960
344,HI,DE,0.00325915,4482
345,MI,DE,0.001196432,11955
346,TX,DE,0.000236432,6759
347,AR,DE,0.001284333,3864
348,DC,DE,0.007652871,5344
349,ME,DE,0.007150144,9560
350,UT,DE,0.001804662,5696
351,IN,DE,0.000133353,892
352,KS,DE,0.001229934,3553
353,OH,DE,0.000980765,11456
354,NJ,DE,0.010276148,91449
355,OR,DE,0.00118787,4975
356,AZ,DE,0.000232382,1662
357,MN,DE,0.000847917,4756
358,KY,DE,0.001348703,6004
359,TN,DE,0.000414559,2798
360,VA,DE,0.006123195,51445
361,NC,DE,0.003700612,38065
362,RI,DE,0.001376224,1449
363,MS,DE,0.002445325,7270
364,GA,DE,0.001049622,10975
365,MD,DE,0.030290588,181999
366,NH,DE,0.007215432,9778
367,WA,DE,0.000176792,1323
368,CT,DE,0.001247421,4448
369,WI,DE,0.000798554,4640
370,CA,DC,0.001776275,69987
371,DC,DC,0.004144351,2894
372,AK,DC,0.010380179,7453
373,WI,DC,0.006087772,35373
374,WY,DC,0.002301886,1323
375,MS,DC,0.007966983,23686
376,WV,DC,0.020067473,36219
377,NH,DC,0.007243473,9816
378,MI,DC,0.004662333,46587
379,OH,DC,0.003618282,42264
380,KS,DC,0.001992542,5756
381,LA,DC,0.002448725,11372
382,KY,DC,0.004819526,21455
383,TN,DC,0.003655764,24674
384,VT,DC,0.023163456,14494
385,SD,DC,0.01347327,11840
386,IN,DC,0.004071438,27234
387,MA,DC,0.006388523,44063
388,MN,DC,0.007559046,42399
389,CT,DC,0.003549878,12658
390,NE,DC,0.000907597,1745
391,ID,DC,0.005459053,9557
392,ND,DC,0.019095447,14377
393,OK,DC,0.002260835,8870
394,NC,DC,0.010838082,111482
395,IA,DC,0.001034446,3263
396,DE,DC,0.011285037,10876
397,GA,DC,0.004870342,50925
398,NV,DC,0.002984888,9025
399,HI,DC,0.001927713,2651
400,PA,DC,0.008824815,112964
401,MT,DC,0.00183236,1940
402,AZ,DC,0.001041664,7450
403,NY,DC,0.003917199,76453
404,NM,DC,0.004231265,8817
405,NJ,DC,0.008795557,78273
406,TX,DC,0.00180453,51587
407,AR,DC,0.002639463,7941
408,MO,DC,0.003807687,23256
409,ME,DC,0.010326573,13807
410,AL,DC,0.002659998,12965
411,RI,DC,0.013484905,14198
412,VA,DC,0.029673779,249309
413,CO,DC,0.007373592,41731
414,SC,DC,0.005972275,30118
415,UT,DC,0.002368619,7476
416,IL,DC,0.002922437,37154
417,MD,DC,0.014156434,85058
418,OR,DC,0.002771379,11607
419,WA,DC,0.004792349,35863
420,FL,DC,0.003541596,75191
421,WA,FL,0.011202949,83836
422,SC,FL,0.046296537,233472
423,RI,FL,0.036361184,38284
424,MA,FL,0.01932491,133288
425,MN,FL,0.026144755,146647
426,HI,FL,0.015049393,20696
427,KY,FL,0.039032653,173761
428,VT,FL,0.02667617,16692
429,CA,FL,0.006808662,268268
430,DE,FL,0.021333245,20560
431,NC,FL,0.052652517,541591
432,GA,FL,0.096561017,1009656
433,ME,FL,0.073149115,97803
434,DC,FL,0.013064585,9123
435,IA,FL,0.015591514,49181
436,TN,FL,0.03872259,261352
437,PA,FL,0.029496464,377576
438,IL,FL,0.018257487,232114
439,NM,FL,0.022451091,46783
440,NY,FL,0.019738986,385251
441,MS,FL,0.031517111,93701
442,MT,FL,0.007486229,7926
443,AK,FL,0.007224204,5187
444,CT,FL,0.020578525,73378
445,VA,FL,0.027418153,230358
446,WY,FL,0.001832114,1053
447,NE,FL,0.00501649,9645
448,OH,FL,0.021788115,254500
449,WV,FL,0.012607619,22755
450,SD,FL,0.015955129,14021
451,MI,FL,0.029467564,294446
452,NV,FL,0.013379244,40453
453,AR,FL,0.025889078,77889
454,CO,FL,0.022094803,125046
455,NJ,FL,0.025498609,226916
456,KS,FL,0.020227626,58433
457,NH,FL,0.022055107,29888
458,ND,FL,0.015274232,11500
459,AL,FL,0.101081562,492678
460,OR,FL,0.006220382,26052
461,FL,FL,0.238193534,5057045
462,WI,FL,0.021826349,126822
463,LA,FL,0.02334127,108398
464,OK,FL,0.020811918,81652
465,ID,FL,0.009879075,17295
466,UT,FL,0.007723357,24377
467,MO,FL,0.024444446,149298
468,TX,FL,0.013206647,377545
469,IN,FL,0.018552596,124099
470,AZ,FL,0.008627214,61702
471,MD,FL,0.02512202,150944
472,WY,GA,0.008655998,4975
473,MO,GA,0.013982967,85403
474,NY,GA,0.007805653,152345
475,SC,GA,0.167881659,846622
476,VT,GA,0.018656699,11674
477,IL,GA,0.012850183,163369
478,TN,GA,0.083836913,565844
479,OK,GA,0.009315558,36548
480,KY,GA,0.04396225,195706
481,UT,GA,0.01297671,40958
482,SD,GA,0.011777732,10350
483,VA,GA,0.022742291,191073
484,OR,GA,0.005106769,21388
485,HI,GA,0.005298119,7286
486,MA,GA,0.007561461,52153
487,PA,GA,0.01665953,213254
488,IN,GA,0.012227321,81789
489,CO,GA,0.01368243,77436
490,NV,GA,0.00828261,25043
491,FL,GA,0.047179186,1001653
492,GA,GA,1.222183702,12779330
493,LA,GA,0.024471318,113646
494,NH,GA,0.021060384,28540
495,AK,GA,0.011009703,7905
496,AZ,GA,0.004814305,34432
497,NC,GA,0.065316163,671851
498,CA,GA,0.005047514,198877
499,RI,GA,0.010706813,11273
500,NE,GA,0.004549949,8748
501,NM,GA,0.008537394,17790
502,MD,GA,0.01778966,106888
503,WV,GA,0.020438693,36889
504,ME,GA,0.021077966,28182
505,DE,GA,0.018241169,17580
506,MT,GA,0.010522846,11141
507,DC,GA,0.01902191,13283
508,OH,GA,0.013733789,160420
509,TX,GA,0.010904207,311724
510,CT,GA,0.008896851,31724
511,KS,GA,0.022495026,64983
512,MI,GA,0.013727298,137166
513,MS,GA,0.041635441,123783
514,IA,GA,0.011659794,36779
515,WI,GA,0.018476895,107360
516,MN,GA,0.020704609,116133
517,AR,GA,0.01654343,49772
518,ID,GA,0.010206949,17869
519,WA,GA,0.006629084,49608
520,NJ,GA,0.013464766,119825
521,AL,GA,0.222620794,1085068
522,WI,HI,0.001311763,7622
523,NC,HI,0.001575907,16210
524,ME,HI,0.004634879,6197
525,AL,HI,0.001063794,5185
526,IA,HI,0.003743409,11808
527,MS,HI,0.000891686,2651
528,MN,HI,0.001416285,7944
529,OH,HI,0.001851262,21624
530,TN,HI,0.002168804,14638
531,LA,HI,0.000852704,3960
532,KS,HI,0.000938115,2710
533,OR,HI,0.002488439,10422
534,AK,HI,0.003084945,2215
535,PA,HI,0.001308442,16749
536,NH,HI,0.003943472,5344
537,HI,HI,0.05610509,77156
538,TX,HI,0.001123778,32126
539,GA,HI,0.002238014,23401
540,KY,HI,0.000353574,1574
541,NY,HI,0.000882552,17225
542,OK,HI,0.002048515,8037
543,MI,HI,0.00263005,26280
544,ID,HI,0.006487231,11357
545,AR,HI,0.00039587,1191
546,IN,HI,0.001015542,6793
547,MA,HI,0.002619609,18068
548,CO,HI,0.005543932,31376
549,WA,HI,0.007410281,55454
550,NV,HI,0.00233367,7056
551,NJ,HI,0.000740295,6588
552,IL,HI,0.001311848,16678
553,CT,HI,0.003281212,11700
554,CA,HI,0.002923201,115177
555,MO,HI,0.000733834,4482
556,MD,HI,0.002700038,16223
557,FL,HI,0.001360663,28888
558,AZ,HI,0.001687216,12067
559,UT,HI,0.005879408,18557
560,SD,HI,0.001791126,1574
561,ND,HI,0.002414657,1818
562,VA,HI,0.002474511,20790
563,NJ,ID,0.000559042,4975
564,ND,ID,0.002576697,1940
565,MT,ID,0.081331276,86109
566,AL,ID,0.001961402,9560
567,OH,ID,0.000841218,9826
568,UT,ID,0.056233465,177488
569,CO,ID,0.003610023,20431
570,IL,ID,0.001336389,16990
571,MI,ID,0.001171413,11705
572,WI,ID,0.003922898,22794
573,LA,ID,0.001289392,5988
574,NE,ID,0.001009019,1940
575,WY,ID,0.077796105,44713
576,SD,ID,0.005696553,5006
577,TX,ID,0.000610057,17440
578,AK,ID,0.001242335,892
579,NV,ID,0.014283475,43187
580,MN,ID,0.005110856,28667
581,AZ,ID,0.00605018,43271
582,MD,ID,0.000148458,892
583,KS,ID,0.002030967,5867
584,NM,ID,0.00572183,11923
585,SC,ID,0.001107483,5585
586,MA,ID,0.000573855,3958
587,WA,ID,0.026834373,200812
588,CA,ID,0.001436538,56601
589,IA,ID,0.004198654,13244
590,KY,ID,0.002147502,9560
591,NY,ID,0.000368648,7195
592,VA,ID,0.001761676,14801
593,OK,ID,0.002436706,9560
594,PA,ID,0.00101588,13004
595,OR,ID,0.029936724,125380
596,ID,ID,0.826785745,1447429
597,IN,ID,0.003070846,20541
598,FL,ID,4.96E-05,1053
599,MO,ID,0.000938332,5731
600,ID,IL,0.01802567,31557
601,TN,IL,0.031034581,209463
602,GA,IL,0.018983191,198491
603,KS,IL,0.028656121,82781
604,NC,IL,0.014958191,153862
605,WA,IL,0.008619894,64506
606,NV,IL,0.015571359,47081
607,NM,IL,0.010345172,21557
608,AZ,IL,0.010443764,74694
609,KY,IL,0.071682552,319108
610,UT,IL,0.007918207,24992
611,OR,IL,0.009013967,37752
612,ME,IL,0.016207492,21670
613,WY,IL,0.018884864,10854
614,OH,IL,0.031489776,367822
615,ND,IL,0.021087738,15877
616,VA,IL,0.011998938,100811
617,CT,IL,0.015004392,53502
618,PA,IL,0.02026589,259418
619,CA,IL,0.005330171,210014
620,NY,IL,0.009143546,178457
621,FL,IL,0.018688912,396781
622,MS,IL,0.026927165,80055
623,MA,IL,0.009576913,66054
624,NH,IL,0.016332497,22133
625,MD,IL,0.012560511,75469
626,AL,IL,0.016639913,81104
627,IL,IL,0.641505471,8155690
628,AR,IL,0.024129768,72596
629,SC,IL,0.015673902,79043
630,RI,IL,0.019264285,20283
631,TX,IL,0.009792777,279951
632,DC,IL,0.005417442,3783
633,SD,IL,0.028972083,25460
634,LA,IL,0.014964312,69495
635,MI,IL,0.064520681,644704
636,MO,IL,0.157942218,964655
637,WV,IL,0.026498439,47826
638,NE,IL,0.033001172,63450
639,OK,IL,0.027985163,109795
640,WI,IL,0.181657689,1055522
641,IA,IL,0.189060546,596362
642,NJ,IL,0.01464589,130336
643,HI,IL,0.010622416,14608
644,MT,IL,0.015082966,15969
645,VT,IL,0.031059871,19435
646,IN,IL,0.151869843,1015863
647,DE,IL,0.018782801,18102
648,CO,IL,0.025693871,145415
649,MN,IL,0.040521722,227288
650,NV,IN,0.003883496,11742
651,FL,IN,0.011780937,250119
652,OR,IN,0.003142902,13163
653,IL,IN,0.08144275,1035411
654,NH,IN,0.013168274,17845
655,TX,IN,0.007495304,214272
656,LA,IN,0.008683802,40328
657,MN,IN,0.015957452,89506
658,WY,IN,0.010446354,6004
659,NJ,IN,0.003487299,31034
660,TN,IN,0.025586791,172694
661,IN,IN,1.097516429,7341328
662,CA,IN,0.002913988,114814
663,DE,IN,0.011997875,11563
664,IA,IN,0.027862529,87888
665,VA,IN,0.007991516,67142
666,OK,IN,0.012163905,47723
667,MT,IN,0.011992512,12697
668,WV,IN,0.020371652,36768
669,HI,IN,0.003617642,4975
670,RI,IN,0.003384048,3563
671,MD,IN,0.002914237,17510
672,OH,IN,0.077741707,908076
673,SD,IN,0.001015047,892
674,ID,IN,0.011182576,19577
675,CO,IN,0.007228704,40911
676,DC,IN,0.005786911,4041
677,MS,IN,0.014917155,44349
678,PA,IN,0.012662568,162090
679,MO,IN,0.037614334,229735
680,MA,IN,0.00360363,24855
681,KS,IN,0.018602368,53738
682,WA,IN,0.006307572,47202
683,WI,IN,0.041866621,243266
684,ME,IN,0.007693136,10286
685,GA,IN,0.010242685,107099
686,AZ,IN,0.004831223,34553
687,AL,IN,0.015529135,75690
688,MI,IN,0.095334094,952598
689,UT,IN,0.009592018,30275
690,KY,IN,0.212260172,944915
691,CT,IN,0.002220847,7919
692,NC,IN,0.011174069,114938
693,NY,IN,0.005860453,114380
694,AR,IN,0.015286352,45990
695,NE,IN,0.009627292,18510
696,SC,IN,0.010509285,52998
697,AK,IN,0.01014759,7286
698,NM,IN,0.005252009,10944
699,DC,IA,0.008156953,5696
700,CO,IA,0.005874349,33246
701,OR,IA,0.004256039,17825
702,WV,IA,0.007841047,14152
703,NM,IA,0.003984597,8303
704,MD,IA,0.001829262,10991
705,SD,IA,0.247504202,217501
706,CA,IA,0.002366464,93241
707,NY,IA,0.002314003,45163
708,UT,IA,0.00481993,15213
709,MO,IA,0.09077001,554391
710,AZ,IA,0.004788997,34251
711,NE,IA,0.223114447,428973
712,VT,IA,0.006175217,3864
713,SC,IA,0.006149949,31014
714,PA,IA,0.004849492,62077
715,AR,IA,0.011447979,34442
716,NC,IA,0.005747153,59116
717,KS,IA,0.046222063,133525
718,VA,IA,0.003380284,28400
719,OH,IA,0.006831195,79793
720,ME,IA,0.012458902,16658
721,NV,IA,0.008303777,25107
722,MA,IA,0.004092668,28228
723,IN,IA,0.015976291,106866
724,CT,IA,0.0004661,1662
725,LA,IA,0.008553097,39721
726,NH,IA,0.002593069,3514
727,GA,IA,0.004893677,51169
728,OK,IA,0.028107508,110275
729,WI,IA,0.087126581,506249
730,ND,IA,0.031607035,23797
731,FL,IA,0.003463785,73539
732,TX,IA,0.003343385,95579
733,TN,IA,0.009204156,62122
734,MN,IA,0.130745701,733358
735,NJ,IA,0.000531287,4728
736,IA,IA,2.12566987,6705094
737,MS,IA,0.006500797,19327
738,IL,IA,0.057615296,732484
739,AL,IA,0.006523099,31794
740,ID,IA,0.01742133,30499
741,MT,IA,0.004700853,4977
742,MI,IA,0.011528784,115198
743,WA,IA,0.004360191,32629
744,KY,IA,0.008390759,37353
745,WY,IA,0.012278467,7057
746,MI,KS,0.008170367,81640
747,NJ,KS,0.001376199,12247
748,MT,KS,0.016887935,17880
749,WA,KS,0.006192383,46340
750,ND,KS,0.018763398,14127
751,TX,KS,0.011181951,319664
752,WV,KS,0.00386955,6984
753,SC,KS,0.002162218,10904
754,ME,KS,0.005278093,7057
755,SD,KS,0.028775218,25287
756,VA,KS,0.004899389,41163
757,NH,KS,0.002621848,3553
758,OR,KS,0.001809383,7578
759,NC,KS,0.003073554,31615
760,CT,KS,0.001083641,3864
761,LA,KS,0.008452538,39254
762,UT,KS,0.003820015,12057
763,CA,KS,0.001859167,73253
764,IL,KS,0.008588682,109191
765,NM,KS,0.0117268,24436
766,IN,KS,0.003694403,24712
767,NV,KS,0.005437292,16440
768,PA,KS,0.003547378,45409
769,MO,KS,0.163427475,998157
770,MN,KS,0.011994029,67275
771,OK,KS,0.161631869,634135
772,FL,KS,0.00250937,53276
773,IA,KS,0.040804681,128712
774,CO,KS,0.031973554,180955
775,NY,KS,0.001696959,33120
776,MS,KS,0.002787401,8287
777,ID,KS,0.001751329,3066
778,OH,KS,0.003215309,37557
779,RI,KS,0.000847199,892
780,WI,KS,0.008879959,51597
781,AR,KS,0.024487081,73671
782,HI,KS,0.00325915,4482
783,NE,KS,0.177134895,340570
784,KY,KS,0.004975422,22149
785,AZ,KS,0.005913295,42292
786,MD,KS,0.002756625,16563
787,AL,KS,0.004779584,23296
788,TN,KS,0.006029032,40692
789,KS,KS,1.827946269,5280520
790,MA,KS,0.000943425,6507
791,GA,KS,0.006179907,64618
792,WY,KS,0.018500346,10633
793,AZ,KY,0.002493562,17834
794,WA,KY,0.003696187,27660
795,CA,KY,0.001068197,42088
796,LA,KY,0.007652374,35538
797,NH,KY,0.003654205,4952
798,SD,KY,0.014468972,12715
799,WY,KY,0.014192356,8157
800,OH,KY,0.054397432,635399
801,WV,KY,0.10788587,194719
802,ID,KY,0.001751329,3066
803,ME,KY,0.003996901,5344
804,OR,KY,0.000712722,2985
805,NE,KY,0.007740842,14883
806,NC,KY,0.011133529,114521
807,NY,KY,0.002790043,54454
808,CO,KY,0.004446136,25163
809,CT,KY,0.003277285,11686
810,DE,KY,0.010462213,10083
811,SC,KY,0.012670116,63895
812,UT,KY,0.003946747,12457
813,IL,KY,0.026198818,333075
814,TN,KY,0.115530225,779753
815,IA,KY,0.008625565,27208
816,AL,KY,0.02291681,111698
817,MN,KY,0.005446207,30548
818,NM,KY,0.002785811,5805
819,VA,KY,0.020202436,169734
820,MT,KY,0.004233318,4482
821,IN,KY,0.106057419,709422
822,MD,KY,0.002907247,17468
823,VT,KY,0.014325736,8964
824,KS,KY,0.005184556,14977
825,NV,KY,0.003188952,9642
826,HI,KY,0.000648631,892
827,MI,KY,0.01709242,170791
828,KY,KY,1.718428513,7649899
829,DC,KY,0.003796363,2651
830,FL,KY,0.009223146,195815
831,GA,KY,0.014053554,146946
832,MA,KY,0.002142025,14774
833,PA,KY,0.008484053,108602
834,MS,KY,0.016809843,49976
835,MO,KY,0.024064922,146980
836,AK,KY,0.007867655,5649
837,OK,KY,0.009595423,37646
838,TX,KY,0.003256948,93108
839,NJ,KY,0.004364461,38840
840,AR,KY,0.015333551,46132
841,RI,KY,0.001791276,1886
842,WI,KY,0.006386542,37109
843,MD,LA,0.006854531,41185
844,CO,LA,0.00599344,33920
845,HI,LA,0.000648631,892
846,AR,LA,0.109409267,329165
847,NH,LA,0.013340211,18078
848,LA,LA,1.012942155,4704153
849,AL,LA,0.071109038,346590
850,CA,LA,0.002704196,106548
851,IA,LA,0.008329466,26274
852,UT,LA,0.00706245,22291
853,IL,LA,0.003958828,50330
854,CT,LA,0.002928131,10441
855,OH,LA,0.003530445,41238
856,MS,LA,0.418505425,1244225
857,RI,LA,0.005409918,5696
858,IN,LA,0.006986805,46735
859,NY,LA,0.003886815,75860
860,MA,LA,0.005942401,40986
861,NC,LA,0.008033239,82631
862,AK,LA,0.00748047,5371
863,MT,LA,0.007914094,8379
864,ID,LA,0.00420639,7364
865,AZ,LA,0.005776271,41312
866,VA,LA,0.005268602,44265
867,KY,LA,0.008397274,37382
868,WI,LA,0.009200413,53459
869,MN,LA,0.001296657,7273
870,NE,LA,0.002588603,4977
871,MI,LA,0.007928679,79225
872,DC,LA,0.001507948,1053
873,MO,LA,0.020655424,126156
874,VT,LA,0.007162868,4482
875,DE,LA,0.001724506,1662
876,GA,LA,0.014505824,151675
877,WV,LA,0.006570589,11859
878,TN,LA,0.021320893,143902
879,ME,LA,0.034898088,46660
880,KS,LA,0.006243137,18035
881,NJ,LA,0.004368169,38873
882,WY,LA,0.010488111,6028
883,WA,LA,0.005365752,40154
884,OR,LA,0.001136058,4758
885,SC,LA,0.006421416,32383
886,SD,LA,0.001015047,892
887,NV,LA,0.003728381,11273
888,FL,LA,0.01763469,374399
889,PA,LA,0.005952399,76195
890,NM,LA,0.006836634,14246
891,OK,LA,0.043667253,171321
892,TX,LA,0.04989034,1426240
893,NH,ME,0.101645499,137745
894,GA,ME,0.000186015,1945
895,SC,ME,0.00286022,14424
896,AL,ME,0.001546964,7540
897,IL,ME,0.001248057,15867
898,TN,ME,0.002419051,16327
899,TX,ME,0.001088868,31128
900,KY,ME,0.000620664,2763
901,MI,ME,0.000528112,5277
902,IA,ME,0.000615025,1940
903,WY,ME,0.010446354,6004
904,MO,ME,0.000497082,3036
905,PA,ME,0.002877104,36829
906,OH,ME,0.001712229,20000
907,NC,ME,0.001990252,20472
908,MN,ME,0.000517557,2903
909,CO,ME,0.00087905,4975
910,WA,ME,0.000259241,1940
911,VA,ME,0.00222218,18670
912,UT,ME,0.003977163,12553
913,AZ,ME,0.001828155,13075
914,OR,ME,0.001717219,7192
915,CT,ME,0.011394498,40630
916,MD,ME,0.003067854,18433
917,VT,ME,0.109784299,68695
918,MT,ME,0.008348572,8839
919,IN,ME,0.00042921,2871
920,FL,ME,0.003716342,78901
921,NJ,ME,0.004479528,39864
922,MA,ME,0.024527882,169174
923,NY,ME,0.004971035,97021
924,WI,ME,0.003954737,22979
925,ME,ME,0.544645021,728210
926,RI,ME,0.029607335,31173
927,CA,ME,0.00097457,38399
928,SC,MD,0.023474069,118379
929,NC,MD,0.030229813,310948
930,AL,MD,0.006770531,33000
931,MD,MD,0.211935589,1273401
932,NH,MD,0.031477673,42657
933,LA,MD,0.00573099,26615
934,CT,MD,0.015565844,55504
935,AZ,MD,0.004231672,30265
936,DC,MD,0.054246026,37880
937,NJ,MD,0.036948914,328814
938,IL,MD,0.006236589,79288
939,MI,MD,0.008690973,86842
940,DE,MD,0.172989165,166719
941,KY,MD,0.006689829,29781
942,OK,MD,0.00169295,6642
943,PA,MD,0.082194667,1052151
944,TX,MD,0.005722816,163601
945,CA,MD,0.002665669,105030
946,CO,MD,0.00519832,29420
947,NM,MD,0.005240971,10921
948,WV,MD,0.148047966,267206
949,TN,MD,0.010320562,69657
950,VT,MD,0.029758984,18621
951,MA,MD,0.015703592,108311
952,OH,MD,0.013715383,160205
953,VA,MD,0.124123566,1042844
954,WA,MD,0.005735772,42923
955,MS,MD,0.006380717,18970
956,UT,MD,0.00831266,26237
957,HI,MD,0.010572969,14540
958,IA,MD,0.004613638,14553
959,SD,MD,0.00348894,3066
960,FL,MD,0.012787822,271496
961,AK,MD,0.005381593,3864
962,OR,MD,0.002582275,10815
963,GA,MD,0.012237397,127956
964,ME,MD,0.026490685,35419
965,IN,MD,0.010366066,69339
966,RI,MD,0.023366363,24602
967,AR,MD,0.006963783,20951
968,MN,MD,0.00833868,46772
969,NE,MD,0.001217585,2341
970,MO,MD,0.00897711,54829
971,KS,MD,0.007033092,20317
972,NV,MD,0.006378896,19287
973,ND,MD,0.009096801,6849
974,NY,MD,0.011382026,222146
975,WI,MD,0.0064707,37598
976,MT,MD,0.004233318,4482
977,TX,MA,0.004360333,124651
978,NJ,MA,0.024042066,213954
979,WA,MA,0.004937069,36946
980,OH,MA,0.008944514,104478
981,CT,MA,0.079323992,282850
982,CA,MA,0.003527019,138968
983,WI,MA,0.008712331,50623
984,KY,MA,0.008618538,38367
985,NV,MA,0.003832232,11587
986,GA,MA,0.00961186,100503
987,UT,MA,0.016812884,53066
988,VT,MA,0.371928972,232726
989,IN,MA,0.007628901,51030
990,OK,MA,0.005901366,23153
991,NC,MA,0.009795222,100755
992,SC,MA,0.009187048,46330
993,DE,MA,0.023313003,22468
994,SD,MA,0.003713115,3263
995,WY,MA,0.001832114,1053
996,KS,MA,0.004947431,14292
997,MO,MA,0.004684621,28612
998,IL,MA,0.006322955,80386
999,VA,MA,0.016044924,134804
1000,WV,MA,0.012786026,23077
1001,NE,MA,0.013288368,25549
1002,AR,MA,0.005472707,16465
1003,DC,MA,0.0252413,17626
1004,MN,MA,0.013973333,78377
1005,IA,MA,0.004260474,13439
1006,AL,MA,0.005746744,28010
1007,AZ,MA,0.002516772,18000
1008,ID,MA,0.004920402,8614
1009,HI,MA,0.005370108,7385
1010,RI,MA,0.167745453,176616
1011,LA,MA,0.007618998,35383
1012,FL,MA,0.015810267,335665
1013,MT,MA,0.017925958,18979
1014,MS,MA,0.001331306,3958
1015,NH,MA,0.21092262,285832
1016,ME,MA,0.164047939,219338
1017,MI,MA,0.007587413,75815
1018,NY,MA,0.030280525,590993
1019,MA,MA,0.079207367,546310
1020,NM,MA,0.005963219,12426
1021,MD,MA,0.016971477,101972
1022,PA,MA,0.022943708,293696
1023,CO,MA,0.011800115,66783
1024,OR,MA,0.007412789,31046
1025,TN,MA,0.007221593,48741
1026,IA,MI,0.0144962,45726
1027,IN,MI,0.068922029,461022
1028,OH,MI,0.051885592,606059
1029,AR,MI,0.00363429,10934
1030,OR,MI,0.000843806,3534
1031,AL,MI,0.011638747,56728
1032,AZ,MI,0.007263823,51951
1033,RI,MI,0.001494946,1574
1034,FL,MI,0.016127683,342404
1035,SD,MI,0.002207614,1940
1036,MI,MI,0.860072454,8594022
1037,PA,MI,0.020027544,256367
1038,AK,MI,0.023590431,16938
1039,WY,MI,0.00827496,4756
1040,CT,MI,0.010398075,37077
1041,VT,MI,0.016005383,10015
1042,NE,MI,0.010771541,20710
1043,WV,MI,0.010011297,18069
1044,OK,MI,0.011622273,45598
1045,NJ,MI,0.011297593,100539
1046,NY,MI,0.008235683,160738
1047,NM,MI,0.010419076,21711
1048,NH,MI,0.00908681,12314
1049,MD,MI,0.0068294,41034
1050,MO,MI,0.017585665,107407
1051,HI,MI,0.003376224,4643
1052,ND,MI,0.011905932,8964
1053,WA,MI,0.005810337,43481
1054,LA,MI,0.005059809,23498
1055,CA,MI,0.003335729,131431
1056,NV,MI,0.005732969,17334
1057,GA,MI,0.011122933,116303
1058,MN,MI,0.022843121,128128
1059,TX,MI,0.006058627,173201
1060,MA,MI,0.005415811,37354
1061,CO,MI,0.009568124,54151
1062,IL,MI,0.02325176,295608
1063,DC,MI,0.014180152,9902
1064,UT,MI,0.008227433,25968
1065,WI,MI,0.075578177,439147
1066,KS,MI,0.012693283,36668
1067,MS,MI,0.006209847,18462
1068,SC,MI,0.010891005,54923
1069,KY,MI,0.022612347,100663
1070,VA,MI,0.006664635,55994
1071,NC,MI,0.012295189,126470
1072,MT,MI,0.010892151,11532
1073,TN,MI,0.019974984,134818
1074,DE,MI,0.005512818,5313
1075,ME,MI,0.014503723,19392
1076,ID,MI,0.005102618,8933
1077,CA,MN,0.002257761,88958
1078,MS,MN,0.009064184,26948
1079,HI,MN,0.007059311,9708
1080,SD,MN,0.403653031,354721
1081,AR,MN,0.009598925,28879
1082,NM,MN,0.011068379,23064
1083,NH,MN,0.012818498,17371
1084,MT,MN,0.037897735,40124
1085,MO,MN,0.025066781,153099
1086,ME,MN,0.013018348,17406
1087,MI,MN,0.023734096,237156
1088,WA,MN,0.006545298,48981
1089,MA,MN,0.004310002,29727
1090,NE,MN,0.021357401,41063
1091,PA,MN,0.014224746,182087
1092,KY,MN,0.005877777,26166
1093,NY,MN,0.006844402,133584
1094,WV,MN,0.00682601,12320
1095,MN,MN,1.420956631,7970204
1096,IA,MN,0.190824463,601926
1097,WY,MN,0.002301886,1323
1098,FL,MN,0.006682077,141866
1099,LA,MN,0.002951735,13708
1100,KS,MN,0.017507093,50574
1101,IN,MN,0.01540147,103021
1102,ND,MN,0.452900909,340990
1103,AK,MN,0.00489413,3514
1104,AL,MN,0.010063265,49049
1105,CT,MN,0.00567874,20249
1106,RI,MN,0.005914249,6227
1107,IL,MN,0.014010301,178118
1108,WI,MN,0.238890285,1388072
1109,VT,MN,0.007162868,4482
1110,UT,MN,0.009275822,29277
1111,NC,MN,0.004581603,47127
1112,SC,MN,0.006445608,32505
1113,OK,MN,0.019764083,77541
1114,NV,MN,0.006524089,19726
1115,DC,MN,0.002554776,1784
1116,MD,MN,0.005315528,31938
1117,DE,MN,0.009891528,9533
1118,ID,MN,0.000828826,1451
1119,VA,MN,0.004067172,34171
1120,TN,MN,0.009385952,63349
1121,AZ,MN,0.012924602,92437
1122,GA,MN,0.00923457,96558
1123,OH,MN,0.010493653,122573
1124,OR,MN,0.004278005,17917
1125,CO,MN,0.012491163,70694
1126,TX,MN,0.006692541,191323
1127,NJ,MN,0.004653477,41412
1128,VT,MS,0.010263262,6422
1129,PA,MS,0.002900149,37124
1130,ID,MS,0.001751329,3066
1131,SD,MS,0.004415227,3880
1132,NH,MS,0.000878869,1191
1133,CO,MS,0.002248777,12727
1134,NV,MS,0.003645367,11022
1135,NJ,MS,0.000736025,6550
1136,WY,MS,0.002521114,1449
1137,AZ,MS,0.003337939,23873
1138,KY,MS,0.006570773,29251
1139,KS,MS,0.008909668,25738
1140,IN,MS,0.002364765,15818
1141,NC,MS,0.004282171,44047
1142,DE,MS,0.006780776,6535
1143,NM,MS,0.003325697,6930
1144,CA,MS,0.001340246,52807
1145,AL,MS,0.137295694,669188
1146,AK,MS,0.010144804,7284
1147,WA,MS,0.001717271,12851
1148,ME,MS,0.001243048,1662
1149,OK,MS,0.015812847,62039
1150,MT,MS,0.00537996,5696
1151,FL,MS,0.007346771,155978
1152,OH,MS,0.003730605,43576
1153,RI,MS,0.001000113,1053
1154,MO,MS,0.00971471,59334
1155,TX,MS,0.004817351,137716
1156,NE,MS,0.004066764,7819
1157,WI,MS,0.005558041,32295
1158,IA,MS,0.003722169,11741
1159,AR,MS,0.061193605,184105
1160,ND,MS,0.004072243,3066
1161,GA,MS,0.010571487,110537
1162,MD,MS,0.001310325,7873
1163,LA,MS,0.126181485,585993
1164,TN,MS,0.051624292,348430
1165,VA,MS,0.003447771,28967
1166,MN,MS,0.000917982,5149
1167,SC,MS,0.005130113,25871
1168,WV,MS,0.001558569,2813
1169,UT,MS,0.004594347,14501
1170,NY,MS,0.001203037,23480
1171,IL,MS,0.003099338,39403
1172,MI,MS,0.006151994,61472
1173,MA,MS,0.00125848,8680
1174,MS,MS,1.625840728,4833657
1175,CO,MO,0.015356247,86909
1176,WA,MO,0.005768511,43168
1177,DC,MO,0.021784333,15212
1178,SD,MO,0.019009373,16705
1179,MN,MO,0.021678037,121593
1180,WY,MO,0.00895178,5145
1181,RI,MO,0.002517853,2651
1182,FL,MO,0.010431719,221474
1183,OK,MO,0.071354964,279949
1184,OR,MO,0.005612002,23504
1185,HI,MO,0.003576194,4918
1186,AR,MO,0.105883999,318559
1187,GA,MO,0.010255022,107228
1188,CT,MO,0.012084113,43089
1189,TX,MO,0.009679231,276705
1190,VT,MO,0.007890022,4937
1191,OH,MO,0.010477815,122388
1192,WV,MO,0.006251451,11283
1193,MS,MO,0.015881158,47215
1194,ND,MO,0.007546799,5682
1195,MD,MO,0.01205106,72408
1196,MT,MO,0.009032401,9563
1197,NJ,MO,0.005463891,48624
1198,WI,MO,0.016436107,95502
1199,ID,MO,0.002729812,4779
1200,NH,MO,0.014601325,19787
1201,AZ,MO,0.007828838,55992
1202,IL,MO,0.074379629,945615
1203,LA,MO,0.008082602,37536
1204,KS,MO,0.222487271,642715
1205,MI,MO,0.015663206,156510
1206,MO,MO,1.231864655,7523792
1207,CA,MO,0.004466335,175978
1208,NE,MO,0.072588535,139563
1209,UT,MO,0.005160839,16289
1210,NY,MO,0.004659721,90945
1211,PA,MO,0.010952664,140202
1212,NC,MO,0.007689378,79094
1213,IA,MO,0.098904241,311978
1214,DE,MO,0.005544983,5344
1215,KY,MO,0.025221697,112279
1216,NM,MO,0.012266685,25561
1217,MA,MO,0.002471288,17045
1218,TN,MO,0.020504517,138392
1219,AL,MO,0.008266818,40293
1220,IN,MO,0.021153269,141495
1221,ME,MO,0.01311483,17535
1222,VA,MO,0.005770169,48479
1223,NV,MO,0.010313656,31184
1224,SC,MO,0.006522348,32892
1225,WV,MT,0.001698746,3066
1226,AL,MT,0.00210502,10260
1227,OR,MT,0.010878506,45561
1228,PA,MT,0.001947,24923
1229,AK,MT,2.79E-06,2
1230,VA,MT,0.000533466,4482
1231,IL,MT,0.001858439,23627
1232,KS,MT,0.002707725,7822
1233,CO,MT,0.005906684,33429
1234,SD,MT,0.057618713,50634
1235,NE,MT,0.003214819,6181
1236,ND,MT,0.12120701,91257
1237,AZ,MT,0.003857093,27586
1238,TN,MT,0.002253849,15212
1239,ME,MT,0.002293132,3066
1240,MS,MT,0.003058843,9094
1241,CT,MT,0.000489377,1745
1242,LA,MT,0.004583285,21285
1243,GA,MT,0.001204268,12592
1244,MI,MT,0.002830005,28278
1245,OH,MT,0.001176986,13748
1246,IA,MT,0.005194107,16384
1247,WI,MT,0.00349574,20312
1248,WY,MT,0.142610823,81965
1249,MN,MT,0.009134717,51237
1250,RI,MT,0.002883517,3036
1251,NH,MT,0.002240341,3036
1252,SC,MT,0.001129493,5696
1253,CA,MT,0.001228396,48400
1254,MT,MT,1.843777155,1952088
1255,NV,MT,0.006943131,20993
1256,UT,MT,0.016625004,52473
1257,NC,MT,0.002273545,23386
1258,NJ,MT,0.000848508,7551
1259,TX,MT,0.001198251,34255
1260,MD,MT,0.000828003,4975
1261,MO,MT,0.005991507,36594
1262,ID,MT,0.094151953,164829
1263,MA,MT,0.002112738,14572
1264,NY,MT,0.000589068,11497
1265,AR,MT,0.003923796,11805
1266,NM,MT,0.008122282,16925
1267,KY,MT,0.001652858,7358
1268,WA,MT,0.012559554,93988
1269,OK,MT,0.005179785,20322
1270,DE,NE,0.001235793,1191
1271,LA,NE,0.004532467,21049
1272,RI,NE,0.011334614,11934
1273,WV,NE,0.006083017,10979
1274,OK,NE,0.023753807,93194
1275,AK,NE,0.007924758,5690
1276,MA,NE,0.00146523,10106
1277,NH,NE,0.005147028,6975
1278,VA,NE,0.002199089,18476
1279,NJ,NE,0.002629464,23400
1280,CT,NE,0.001395216,4975
1281,MI,NE,0.004999696,49958
1282,MO,NE,0.039742159,242731
1283,NC,NE,0.003773525,38815
1284,PA,NE,0.002798749,35826
1285,CO,NE,0.033467497,189410
1286,ND,NE,0.019249517,14493
1287,MT,NE,0.01667353,17653
1288,UT,NE,0.009065448,28613
1289,SC,NE,0.004475142,22568
1290,TN,NE,0.010835427,73132
1291,ME,NE,0.008456018,11306
1292,CA,NE,0.001509708,59484
1293,GA,NE,0.003464087,36221
1294,WY,NE,0.114393141,65747
1295,SD,NE,0.227901959,200275
1296,IN,NE,0.003354892,22441
1297,MS,NE,0.004213897,12528
1298,NM,NE,0.010192084,21238
1299,FL,NE,0.003931218,83463
1300,OH,NE,0.00593587,69335
1301,WI,NE,0.011573359,67247
1302,WA,NE,0.004075026,30495
1303,MD,NE,0.001058179,6358
1304,DC,NE,0.007652871,5344
1305,NV,NE,0.009501701,28729
1306,TX,NE,0.005138085,146885
1307,KS,NE,0.117777381,340232
1308,IA,NE,0.14971227,472244
1309,MN,NE,0.023985027,134533
1310,AZ,NE,0.007503056,53662
1311,IL,NE,0.014060799,178760
1312,AL,NE,0.004666537,22745
1313,KY,NE,0.001389138,6184
1314,AR,NE,0.014319114,43080
1315,ID,NE,0.016261203,28468
1316,NY,NE,0.002153068,42022
1317,NE,NE,2.270451495,4365304
1318,OR,NE,0.005842174,24468
1319,HI,NV,0.0054261,7462
1320,PA,NV,0.003087014,39516
1321,TX,NV,0.002409725,68888
1322,CO,NV,0.011762303,66569
1323,NV,NV,0.164591853,497654
1324,DE,NV,0.001372757,1323
1325,OK,NV,0.003624983,14222
1326,WY,NV,0.022663925,13026
1327,WI,NV,0.004216849,24502
1328,MT,NV,0.031718716,33582
1329,NC,NV,0.003400791,34981
1330,LA,NV,0.005621818,26108
1331,UT,NV,0.037592475,118652
1332,VA,NV,0.003799725,31924
1333,CA,NV,0.009852317,388191
1334,NH,NV,0.003128065,4239
1335,MD,NV,0.003027245,18189
1336,IL,NV,0.001561192,19848
1337,AZ,NV,0.010663982,76269
1338,MA,NV,0.002636138,18182
1339,NY,NV,0.002408124,47000
1340,NE,NV,0.005834628,11218
1341,AK,NV,0.013353705,9588
1342,MI,NV,0.004461177,44577
1343,CT,NV,0.002672925,9531
1344,MO,NV,0.003323212,20297
1345,ID,NV,0.08033153,140634
1346,WA,NV,0.010187499,76237
1347,WV,NV,0.000583424,1053
1348,AL,NV,0.002406,11727
1349,MN,NV,0.006019389,33763
1350,IN,NV,0.000553742,3704
1351,SC,NV,0.001769791,8925
1352,AR,NV,0.002761448,8308
1353,KS,NV,0.004029394,11640
1354,NJ,NV,0.002769477,24646
1355,GA,NV,0.00382378,39982
1356,KY,NV,0.001257951,5600
1357,FL,NV,0.00281421,59748
1358,NM,NV,0.014824064,30890
1359,SD,NV,0.006832223,6004
1360,RI,NV,0.000847199,892
1361,MS,NV,0.002584914,7685
1362,OH,NV,0.002503964,29248
1363,TN,NV,0.003773849,25471
1364,IA,NV,0.004346387,13710
1365,ND,NV,0.012697536,9560
1366,OR,NV,0.015789724,66130
1367,HI,NH,0.00325915,4482
1368,WI,NH,0.000513725,2985
1369,OK,NH,0.000337214,1323
1370,NV,NH,0.001175103,3553
1371,WV,NH,0.002619592,4728
1372,NM,NH,0.001799619,3750
1373,RI,NH,0.021937902,23098
1374,OR,NH,0.000251423,1053
1375,TX,NH,0.000470206,13442
1376,NJ,NH,0.002339661,20821
1377,TN,NH,0.000889568,6004
1378,CT,NH,0.017953276,64017
1379,PA,NH,0.003651982,46748
1380,VT,NH,0.292269632,182881
1381,ID,NH,0.001751329,3066
1382,WA,NH,0.00138293,10349
1383,MS,NH,0.000559028,1662
1384,MI,NH,0.001036908,10361
1385,AL,NH,0.001168635,5696
1386,SC,NH,0.001654977,8346
1387,NH,NH,0.200154817,271240
1388,CA,NH,0.000160427,6321
1389,CO,NH,0.000536441,3036
1390,VA,NH,0.001781196,14965
1391,UT,NH,0.003269365,10319
1392,MO,NH,0.002756709,16837
1393,NC,NH,0.001796398,18478
1394,DC,NH,0.008673922,6057
1395,MD,NH,0.000459854,2763
1396,IL,NH,0.001305634,16599
1397,MN,NH,0.00181457,10178
1398,AK,NH,0.001466568,1053
1399,AZ,NH,0.001341859,9597
1400,OH,NH,0.001275953,14904
1401,MA,NH,0.032361917,223207
1402,NY,NH,0.005009924,97780
1403,ME,NH,0.160873754,215094
1404,GA,NH,0.001085295,11348
1405,FL,NH,0.004254051,90317
1406,DE,NJ,0.127492078,122871
1407,ME,NJ,0.050163197,67070
1408,VT,NJ,0.133684498,83650
1409,NV,NJ,0.001645409,4975
1410,ID,NJ,0.005866325,10270
1411,IA,NJ,0.004448786,14033
1412,NC,NJ,0.020626986,212172
1413,OK,NJ,0.009035694,35450
1414,WY,NJ,0.015570356,8949
1415,WI,NJ,0.018386714,106836
1416,WV,NJ,0.019726173,35603
1417,SD,NJ,0.006786705,5964
1418,NM,NJ,0.003422156,7131
1419,LA,NJ,0.009721474,45147
1420,MI,NJ,0.013890125,138793
1421,IL,NJ,0.009700504,123326
1422,CO,NJ,0.014679864,83081
1423,OR,NJ,0.007372199,30876
1424,VA,NJ,0.027743922,233095
1425,NY,NJ,0.057047238,1113406
1426,MA,NJ,0.033085977,228201
1427,AR,NJ,0.002950908,8878
1428,CT,NJ,0.058864656,209897
1429,NH,NJ,0.078352892,106180
1430,MT,NJ,0.015713903,16637
1431,UT,NJ,0.00856454,27032
1432,MO,NJ,0.014240677,86977
1433,AZ,NJ,0.011426284,81721
1434,FL,NJ,0.019286439,409467
1435,KY,NJ,0.007992034,35578
1436,CA,NJ,0.005040077,198584
1437,WA,NJ,0.007551661,56512
1438,PA,NJ,0.106234641,1359880
1439,TN,NJ,0.011704548,78998
1440,TX,NJ,0.006272147,179305
1441,GA,NJ,0.01164607,121773
1442,MS,NJ,0.008716053,25913
1443,OH,NJ,0.017094981,199681
1444,IN,NJ,0.01088946,72840
1445,NE,NJ,0.015471802,29747
1446,SC,NJ,0.028496705,143708
1447,MN,NJ,0.013517819,75822
1448,MD,NJ,0.047321815,284330
1449,HI,NJ,0.001927713,2651
1450,AK,NJ,0.014125289,10142
1451,KS,NJ,0.007190252,20771
1452,AL,NJ,0.015880382,77402
1453,NJ,NJ,0.142550773,1268581
1454,DC,NJ,0.033277961,23238
1455,RI,NJ,0.047213313,49710
1456,MO,NM,0.002895551,17685
1457,NV,NM,0.005546765,16771
1458,AZ,NM,0.024124377,172538
1459,IL,NM,0.001783871,22679
1460,GA,NM,0.002233806,23357
1461,PA,NM,0.001289068,16501
1462,NH,NM,0.004502819,6102
1463,TX,NM,0.021632883,618430
1464,OH,NM,0.000993778,11608
1465,WA,NM,0.005080854,38022
1466,AL,NM,0.001618157,7887
1467,NE,NM,0.009299101,17879
1468,MA,NM,0.000426114,2939
1469,KS,NM,0.00379123,10952
1470,CO,NM,0.037088121,209901
1471,MN,NM,0.00364376,20438
1472,MT,NM,0.014289573,15129
1473,MD,NM,0.000999262,6004
1474,KY,NM,0.005090659,22662
1475,TN,NM,0.001993972,13458
1476,OR,NM,0.003086553,12927
1477,ID,NM,0.008156877,14280
1478,IA,NM,0.001958886,6179
1479,MI,NM,0.001672603,16713
1480,NY,NM,0.000290205,5664
1481,LA,NM,0.007260259,33717
1482,FL,NM,0.001488449,31601
1483,MS,NM,0.004702626,13981
1484,WY,NM,0.023116298,13286
1485,UT,NM,0.014015594,44237
1486,CA,NM,0.002561433,100923
1487,SC,NM,0.003477317,17536
1488,NJ,NM,0.001361703,12118
1489,AR,NM,0.000941312,2832
1490,VA,NM,0.00127213,10688
1491,VT,NM,0.00788363,4933
1492,IN,NM,0.000404094,2703
1493,NC,NM,0.002826717,29076
1494,NM,NM,0.529575664,1103516
1495,ND,NM,2.66E-06,2
1496,OK,NM,0.019741398,77452
1497,WI,NM,0.003619998,21034
1498,WY,NY,0.027871442,16019
1499,WV,NY,0.01404097,25342
1500,OR,NY,0.010271558,43019
1501,TX,NY,0.009549979,273010
1502,IN,NY,0.01782708,119246
1503,KY,NY,0.009775629,43518
1504,VA,NY,0.039686324,333431
1505,DE,NY,0.075960255,73207
1506,MT,NY,0.029087296,30796
1507,OK,NY,0.012909955,50650
1508,TN,NY,0.02399745,161967
1509,RI,NY,0.117101553,123294
1510,MI,NY,0.027398752,273774
1511,MO,NY,0.013486377,82370
1512,LA,NY,0.015630111,72587
1513,MA,NY,0.077572793,535036
1514,FL,NY,0.03638945,772578
1515,ME,NY,0.135116781,180656
1516,NJ,NY,0.118636023,1055760
1517,NC,NY,0.028402499,292152
1518,MS,NY,0.015018062,44649
1519,KS,NY,0.006148633,17762
1520,UT,NY,0.021288736,67193
1521,HI,NY,0.015446424,21242
1522,GA,NY,0.018681933,195341
1523,SC,NY,0.034779115,175390
1524,IA,NY,0.012887624,40652
1525,WA,NY,0.012731802,95277
1526,NY,NY,0.333985132,6518476
1527,MN,NY,0.022875925,128312
1528,VT,NY,0.482373303,301834
1529,AK,NY,2.79E-06,2
1530,PA,NY,0.126141879,1614707
1531,CO,NY,0.018712361,105903
1532,CA,NY,0.009743741,383913
1533,SD,NY,0.009039836,7944
1534,OH,NY,0.028688912,335106
1535,NH,NY,0.146108441,197999
1536,AL,NY,0.012453468,60699
1537,IL,NY,0.014107915,179359
1538,DC,NY,0.019146499,13370
1539,NE,NY,0.016617091,31949
1540,AZ,NY,0.010477181,74933
1541,ID,NY,0.012973319,22712
1542,NM,NY,0.014219872,29631
1543,WI,NY,0.021094226,122568
1544,NV,NY,0.015389785,46532
1545,MD,NY,0.042125286,253107
1546,AR,NY,0.010179601,30626
1547,CT,NY,0.120895541,431084
1548,OR,NC,0.003434438,14384
1549,NC,NC,0.787809068,8103512
1550,VA,NC,0.140057798,1176718
1551,SC,NC,0.225859013,1139000
1552,NJ,NC,0.010790242,96024
1553,MA,NC,0.006348362,43786
1554,UT,NC,0.003293444,10395
1555,IL,NC,0.011454486,145625
1556,MS,NC,0.011365547,33790
1557,NM,NC,0.00222337,4633
1558,WV,NC,0.049336763,89046
1559,TN,NC,0.0647755,437192
1560,HI,NC,0.014146982,19455
1561,CA,NC,0.003512247,138386
1562,IN,NC,0.010513023,70322
1563,NV,NC,0.013708656,41449
1564,MD,NC,0.028335503,170252
1565,RI,NC,0.016593518,17471
1566,MI,NC,0.013528443,135179
1567,AL,NC,0.025815008,125824
1568,FL,NC,0.02211737,469570
1569,SD,NC,4.55E-06,4
1570,ND,NC,0.011783738,8872
1571,ME,NC,0.018081039,24175
1572,NH,NC,0.01648451,22339
1573,AR,NC,0.005801767,17455
1574,MO,NC,0.009487618,57947
1575,PA,NC,0.020754456,265672
1576,DC,NC,0.027333524,19087
1577,TX,NC,0.007660586,218997
1578,LA,NC,0.011100443,51551
1579,NE,NC,0.012692318,24403
1580,KY,NC,0.024652923,109747
1581,CO,NC,0.01588827,89920
1582,AZ,NC,0.003083325,22052
1583,OK,NC,0.012393811,48625
1584,GA,NC,0.056161999,587238
1585,DE,NC,0.020460615,19719
1586,MT,NC,0.008119054,8596
1587,MN,NC,0.011405693,63975
1588,IA,NC,0.007531835,23758
1589,WA,NC,0.002754234,20611
1590,NY,NC,0.009648637,188315
1591,OH,NC,0.013321057,155599
1592,WI,NC,0.012651063,73509
1593,KS,NC,0.003994777,11540
1594,CT,NC,0.011887802,42389
1595,WY,NC,0.009614682,5526
1596,VT,NC,0.020178129,12626
1597,ID,NC,0.010032159,17563
1598,ND,ND,2.90406454,2186476
1599,MS,ND,0.017941689,53341
1600,VA,ND,0.001954852,16424
1601,WA,ND,0.012642537,94609
1602,NJ,ND,0.000925594,8237
1603,IL,ND,0.003698472,47020
1604,CA,ND,0.001620086,63833
1605,PA,ND,0.001832397,23456
1606,FL,ND,0.003427093,72760
1607,IA,ND,0.023313564,73539
1608,MA,ND,0.000825841,5696
1609,NV,ND,0.003704899,11202
1610,MN,ND,0.236233253,1325042
1611,TX,ND,0.007388789,211227
1612,MI,ND,0.016519674,165068
1613,AR,ND,0.008864688,26670
1614,DE,ND,0.005910222,5696
1615,AZ,ND,0.012663976,90573
1616,UT,ND,0.039212742,123766
1617,AL,ND,0.004727472,23042
1618,WI,ND,0.037486447,217815
1619,KS,ND,0.010516926,30381
1620,HI,ND,0.001208547,1662
1621,NY,ND,0.000814458,15896
1622,OH,ND,0.002160148,25232
1623,IN,ND,0.004040043,27024
1624,SC,ND,0.001716053,8654
1625,CO,ND,0.033310063,188519
1626,MO,ND,0.010470157,63948
1627,WY,ND,0.269599092,154951
1628,NC,ND,0.004248437,43700
1629,AK,ND,0.028066735,20152
1630,NE,ND,0.018759437,36068
1631,MT,ND,0.417366238,441884
1632,SD,ND,0.370108685,325243
1633,OR,ND,0.012520752,52439
1634,WV,ND,0.006083017,10979
1635,ME,ND,0.002293132,3066
1636,KY,ND,0.004042965,17998
1637,LA,ND,0.0136648,63460
1638,NH,ND,0.006293026,8528
1639,ID,ND,0.115116498,201531
1640,CT,ND,0.001395216,4975
1641,OK,ND,0.035659258,139903
1642,NM,ND,0.008594982,17910
1643,MD,ND,0.001392043,8364
1644,GA,ND,0.001963343,20529
1645,TN,ND,0.006787625,45812
1646,CA,OH,0.004100354,161558
1647,SC,OH,0.025565892,128928
1648,IN,OH,0.12902201,863033
1649,SD,OH,0.005661277,4975
1650,CT,OH,0.008322499,29676
1651,KS,OH,0.010100139,29177
1652,NV,OH,0.004629305,13997
1653,NY,OH,0.016829408,328464
1654,ME,OH,0.01339231,17906
1655,MA,OH,0.007482444,51608
1656,VA,OH,0.021432074,180065
1657,OK,OH,0.022520671,88356
1658,ID,OH,0.008930295,15634
1659,MN,OH,0.017189569,96417
1660,CO,OH,0.018709357,105886
1661,MI,OH,0.105769326,1056869
1662,AR,OH,0.020689923,62247
1663,KY,OH,0.189060856,841639
1664,TN,OH,0.03292721,222237
1665,HI,OH,0.006115452,8410
1666,MT,OH,0.015591116,16507
1667,NM,OH,0.006082713,12675
1668,AL,OH,0.020628166,100543
1669,PA,OH,0.087872394,1124830
1670,TX,OH,0.008765965,250597
1671,NH,OH,0.036241718,49113
1672,AZ,OH,0.008305906,59404
1673,OH,OH,0.731662283,8546313
1674,MD,OH,0.017877537,107416
1675,GA,OH,0.015876788,166010
1676,UT,OH,0.005997903,18931
1677,WA,OH,0.00359356,26892
1678,LA,OH,0.008191128,38040
1679,IA,OH,0.0174163,54937
1680,NE,OH,0.018277812,35142
1681,NJ,OH,0.019041927,169457
1682,MO,OH,0.020270333,123804
1683,WI,OH,0.03034627,176327
1684,FL,OH,0.021098898,447947
1685,MS,OH,0.009062166,26942
1686,WY,OH,0.009597283,5516
1687,RI,OH,0.014951357,15742
1688,NC,OH,0.024349958,250467
1689,DC,OH,0.024887584,17379
1690,DE,OH,0.016352721,15760
1691,OR,OH,0.005202515,21789
1692,VT,OH,0.045166662,28262
1693,IL,OH,0.023473181,298423
1694,WV,OH,0.321147169,579626
1695,HI,OK,0.007718122,10614
1696,AR,OK,0.146366408,440353
1697,NY,OK,0.002168439,42322
1698,OR,OK,0.003587488,15025
1699,PA,OK,0.007397708,94696
1700,WV,OK,0.005467457,9868
1701,DE,OK,0.001956931,1886
1702,IN,OK,0.007231235,48370
1703,OK,OK,1.490779387,5848818
1704,CT,OK,0.00103877,3704
1705,ID,OK,0.004380037,7668
1706,CO,OK,0.014113032,79873
1707,AZ,OK,0.00941804,67358
1708,KY,OK,0.007323747,32603
1709,MD,OK,0.003285049,19738
1710,WI,OK,0.009979176,57984
1711,MO,OK,0.05052291,308576
1712,MN,OK,0.009404638,52751
1713,AL,OK,0.010711595,52209
1714,WA,OK,0.00120253,8999
1715,NC,OK,0.002820884,29016
1716,IL,OK,0.006802529,86483
1717,AK,OK,0.00965177,6930
1718,NH,OK,0.002040363,2765
1719,TX,OK,0.048214783,1378340
1720,UT,OK,0.010428132,32914
1721,WY,OK,0.040931124,23525
1722,ME,OK,0.001450971,1940
1723,NJ,OK,0.00179107,15939
1724,MI,OK,0.006605247,66001
1725,MS,OK,0.012432476,36962
1726,MT,OK,0.00537996,5696
1727,TN,OK,0.012462993,84117
1728,GA,OK,0.003499473,36591
1729,OH,OK,0.004318841,50447
1730,SD,OK,2.28E-06,2
1731,MA,OK,0.000822796,5675
1732,ND,OK,0.001187406,894
1733,LA,OK,0.03350223,155586
1734,FL,OK,0.00388845,82555
1735,VA,OK,0.001479112,12427
1736,SC,OK,0.003552867,17917
1737,KS,OK,0.168803561,487635
1738,RI,OK,0.004053639,4268
1739,NV,OK,0.003761455,11373
1740,NM,OK,0.021910246,45656
1741,CA,OK,0.002099415,82719
1742,IA,OK,0.007850444,24763
1743,NE,OK,0.024609668,47316
1744,ME,OR,0.004586264,6132
1745,DC,OR,0.008136904,5682
1746,OR,OR,0.376844094,1578286
1747,DE,OR,0.002750702,2651
1748,WA,OR,0.07668533,573866
1749,TN,OR,0.001437473,9702
1750,VT,OR,0.006175217,3864
1751,MS,OR,0.003692878,10979
1752,AK,OR,0.004168506,2993
1753,LA,OR,0.001923322,8932
1754,CA,OR,0.008990765,354245
1755,AZ,OR,0.005111284,36556
1756,MD,OR,0.002584367,15528
1757,GA,OR,0.002799406,29271
1758,CT,OR,0.000545466,1945
1759,AL,OR,0.00148131,7220
1760,HI,OR,0.013811759,18994
1761,NV,OR,0.011537708,34885
1762,PA,OR,0.002798358,35821
1763,TX,OR,0.002098015,59977
1764,NC,OR,0.002582311,26562
1765,KY,OR,0.00201362,8964
1766,MN,OR,0.004554968,25549
1767,OK,OR,0.005216743,20467
1768,MA,OR,0.001433333,9886
1769,SC,OR,0.001459854,7362
1770,IL,OR,0.00286549,36430
1771,ID,OR,0.089568565,156805
1772,NJ,OR,0.000514768,4581
1773,WV,OR,0.000872089,1574
1774,NM,OR,0.006986842,14559
1775,VA,OR,0.004128827,34689
1776,FL,OR,0.00116816,24801
1777,UT,OR,0.007749337,24459
1778,ND,OR,0.005202536,3917
1779,MI,OR,0.003859107,38561
1780,NH,OR,0.007208053,9768
1781,KS,OR,0.003733766,10786
1782,MT,OR,0.034554151,36584
1783,NY,OR,0.002061867,40242
1784,NE,OR,0.003327163,6397
1785,AR,OR,0.004369191,13145
1786,MO,OR,0.002583483,15779
1787,OH,OR,0.002991863,34947
1788,CO,OR,0.003730881,21115
1789,WI,OR,0.003818432,22187
1790,IN,OR,0.003887256,26002
1791,IA,OR,0.004576546,14436
1792,VA,PA,0.0476851,400634
1793,TX,PA,0.010415882,297764
1794,CA,PA,0.005611941,221116
1795,NM,PA,0.008312802,17322
1796,AL,PA,0.015900694,77501
1797,PA,PA,0.606723637,7766500
1798,OK,PA,0.031253306,122617
1799,WY,PA,0.011057058,6355
1800,LA,PA,0.029976428,139212
1801,KY,PA,0.031178321,138796
1802,NJ,PA,0.116281079,1034803
1803,IA,PA,0.008477515,26741
1804,TN,PA,0.022276246,150350
1805,WA,PA,0.006637235,49669
1806,IN,PA,0.023865767,159639
1807,IL,PA,0.014620053,185870
1808,ID,PA,0.010911822,19103
1809,SD,PA,0.024209782,21275
1810,AK,PA,0.012665685,9094
1811,CT,PA,0.039543368,141002
1812,RI,PA,0.028567331,30078
1813,ME,PA,0.061507693,82238
1814,MO,PA,0.021217016,129586
1815,KS,PA,0.011924098,34446
1816,ND,PA,0.019942835,15015
1817,NH,PA,0.05058772,68554
1818,OH,PA,0.076168853,889704
1819,AZ,PA,0.011934252,85354
1820,MT,PA,0.005462132,5783
1821,NV,PA,0.008765153,26502
1822,FL,PA,0.022641467,480697
1823,SC,PA,0.030201256,152304
1824,AR,PA,0.020120549,60534
1825,CO,PA,0.013192459,74663
1826,MD,PA,0.108545088,652186
1827,UT,PA,0.0151923,47951
1828,DE,PA,0.161181173,155339
1829,VT,PA,0.062185266,38911
1830,WI,PA,0.018012908,104664
1831,MI,PA,0.039734165,397032
1832,NE,PA,0.009530551,18324
1833,MN,PA,0.013640835,76512
1834,OR,PA,0.005345059,22386
1835,WV,PA,0.364382077,657659
1836,MA,PA,0.027799059,191736
1837,NC,PA,0.030865815,317490
1838,NY,PA,0.06614918,1291051
1839,GA,PA,0.020169766,210898
1840,MS,PA,0.019373903,57599
1841,DC,PA,0.029607619,20675
1842,FL,RI,0.003618183,76817
1843,WA,RI,0.000443516,3319
1844,VT,RI,0.066930147,41880
1845,MD,RI,0.004553433,27359
1846,NC,RI,0.000552394,5682
1847,LA,RI,0.001162132,5397
1848,MN,RI,0.000688888,3864
1849,VA,RI,0.004408057,37035
1850,GA,RI,0.000497889,5206
1851,PA,RI,0.002012074,25756
1852,OH,RI,0.001447947,16913
1853,NJ,RI,0.005205777,46327
1854,CA,RI,0.000497576,19605
1855,IL,RI,0.001716698,21825
1856,DE,RI,0.00318131,3066
1857,RI,RI,0.081639805,85957
1858,IA,RI,0.002420789,7636
1859,CO,RI,0.000256029,1449
1860,CT,RI,0.025677304,91559
1861,NY,RI,0.005752189,112267
1862,MI,RI,0.000968054,9673
1863,AZ,RI,0.000184983,1323
1864,IN,RI,0.000216623,1449
1865,HI,RI,0.000765704,1053
1866,DC,RI,0.004214521,2943
1867,AR,RI,0.000898435,2703
1868,NH,RI,0.049449102,67011
1869,WI,RI,0.001521212,8839
1870,KY,RI,0.000688728,3066
1871,ME,RI,0.030247503,40442
1872,SC,RI,0.001129493,5696
1873,KS,RI,0.000575331,1662
1874,MA,RI,0.020815947,143572
1875,MO,RI,0.00063265,3864
1876,OK,SC,0.002252934,8839
1877,WI,SC,0.009828242,57107
1878,OR,SC,0.002789048,11681
1879,WA,SC,0.000864448,6469
1880,AL,SC,0.018428974,89824
1881,MD,SC,0.003810311,22894
1882,IL,SC,0.002839375,36098
1883,NM,SC,0.002967212,6183
1884,MO,SC,0.011337594,69246
1885,IN,SC,0.006612761,44233
1886,TX,SC,0.002731194,78078
1887,CO,SC,0.003099909,17544
1888,WV,SC,0.010086095,18204
1889,LA,SC,0.00959486,44559
1890,AZ,SC,0.003020126,21600
1891,NJ,SC,0.0036917,32853
1892,WY,SC,0.007798227,4482
1893,VT,SC,0.003100394,1940
1894,UT,SC,0.005860399,18497
1895,NE,SC,0.004717425,9070
1896,CA,SC,0.002225858,87701
1897,DE,SC,0.011364933,10953
1898,RI,SC,0.00995934,10486
1899,IA,SC,0.005575169,17586
1900,MI,SC,0.005395104,53909
1901,NH,SC,0.00646939,8767
1902,FL,SC,0.013380922,284088
1903,SD,SC,0.006604633,5804
1904,NV,SC,0.005165758,15619
1905,TN,SC,0.02624804,177157
1906,MN,SC,0.007108524,39872
1907,GA,SC,0.077150996,806702
1908,MT,SC,0.00687985,7284
1909,KS,SC,0.002078392,6004
1910,KY,SC,0.010687643,47578
1911,CT,SC,0.004327273,15430
1912,NY,SC,0.003733566,72869
1913,MS,SC,0.012301296,36572
1914,VA,SC,0.018114754,152194
1915,ID,SC,0.003631181,6357
1916,NC,SC,0.120594836,1240455
1917,PA,SC,0.008324062,106554
1918,SC,SC,0.60854449,3068871
1919,HI,SC,0.002681055,3687
1920,MA,SC,0.003864025,26651
1921,ME,SC,0.007581696,10137
1922,OH,SC,0.0048052,56128
1923,AR,SC,0.006852434,20616
1924,NC,SD,0.000273475,2813
1925,WV,SD,0.004795383,8655
1926,MI,SD,0.003077899,30755
1927,IN,SD,0.002573315,17213
1928,AZ,SD,0.003972585,28412
1929,ME,SD,0.007073108,9457
1930,WA,SD,0.001785956,13365
1931,TX,SD,0.000717761,20519
1932,MO,SD,0.002936484,17935
1933,IL,SD,0.001256002,15968
1934,CO,SD,0.00757785,42887
1935,AL,SD,0.001168635,5696
1936,AK,SD,0.005097472,3660
1937,NY,SD,0.000929075,18133
1938,MN,SD,0.085732124,480875
1939,WI,SD,0.007605197,44190
1940,NE,SD,0.118251338,227357
1941,AR,SD,0.003298581,9924
1942,OK,SD,0.003768483,14785
1943,NV,SD,0.002044938,6183
1944,MT,SD,0.045141224,47793
1945,SD,SD,2.916005995,2562519
1946,KS,SD,0.010215759,29511
1947,WY,SD,0.070528547,40536
1948,NH,SD,0.002851343,3864
1949,SC,SD,0.002366463,11934
1950,UT,SD,0.003327662,10503
1951,FL,SD,0.00077265,16404
1952,OR,SD,0.001739186,7284
1953,CA,SD,0.000358925,14142
1954,LA,SD,0.002377236,11040
1955,OH,SD,0.000428913,5010
1956,KY,SD,0.001179554,5251
1957,PA,SD,0.000753551,9646
1958,GA,SD,0.001012515,10587
1959,ND,SD,0.223730313,168447
1960,IA,SD,0.059988384,189224
1961,ID,SD,0.002243712,3928
1962,TN,SD,0.000258544,1745
1963,MO,TN,0.022129806,135161
1964,VA,TN,0.036334962,305274
1965,IN,TN,0.023698927,158523
1966,NM,TN,0.003850705,8024
1967,ND,TN,2.66E-06,2
1968,WI,TN,0.009655623,56104
1969,MI,TN,0.017953891,179399
1970,MD,TN,0.007567696,45470
1971,WV,TN,0.038059441,68692
1972,NE,TN,0.017048265,32778
1973,UT,TN,0.00896628,28300
1974,NC,TN,0.043443617,446867
1975,OK,TN,0.023080144,90551
1976,ID,TN,0.008928582,15631
1977,HI,TN,0.000648631,892
1978,NV,TN,0.009619112,29084
1979,DC,TN,0.016754976,11700
1980,NJ,TN,0.004848102,43144
1981,SD,TN,0.00439702,3864
1982,AZ,TN,0.003905191,27930
1983,FL,TN,0.012228164,259614
1984,SC,TN,0.028280166,142616
1985,NH,TN,0.002038887,2763
1986,AL,TN,0.111137851,541693
1987,AR,TN,0.061521336,185091
1988,AK,TN,0.008362082,6004
1989,LA,TN,0.016942758,78683
1990,TX,TN,0.009460534,270453
1991,TN,TN,0.892275573,6022273
1992,CO,TN,0.01015987,57500
1993,CA,TN,0.00316822,124831
1994,PA,TN,0.013162149,168485
1995,MT,TN,0.00704514,7459
1996,NY,TN,0.004208326,82135
1997,GA,TN,0.054709551,572051
1998,CT,TN,0.008624819,30754
1999,IL,TN,0.012955033,164702
2000,MA,TN,0.004067876,28057
2001,RI,TN,0.013298749,14002
2002,MN,TN,0.013272857,74448
2003,KS,TN,0.010639815,30736
2004,OR,TN,0.002402483,10062
2005,KY,TN,0.177002495,787959
2006,IA,TN,0.008981582,28331
2007,ME,TN,0.005980392,7996
2008,MS,TN,0.128837007,383035
2009,WA,TN,0.00526406,39393
2010,OH,TN,0.016692093,194975
2011,VT,TN,0.026156774,16367
2012,LA,TX,0.34762144,1614371
2013,CO,TX,0.066365687,375598
2014,ID,TX,0.033800202,59173
2015,IL,TX,0.024985684,317652
2016,DE,TX,0.024249964,23371
2017,IN,TX,0.027984297,187188
2018,TN,TX,0.055609569,375328
2019,VT,TX,0.020956423,13113
2020,OR,TX,0.018738747,78481
2021,AK,TX,0.018966495,13618
2022,SC,TX,0.032591317,164357
2023,NV,TX,0.030063858,90900
2024,AZ,TX,0.03074111,219861
2025,KY,TX,0.031253573,139131
2026,FL,TX,0.029903126,634868
2027,MS,TX,0.175177093,520805
2028,CT,TX,0.019021212,67825
2029,PA,TX,0.026757087,342510
2030,AR,TX,0.200262517,602503
2031,MO,TX,0.054947693,335601
2032,NE,TX,0.048144783,92566
2033,ND,TX,0.033163679,24969
2034,MA,TX,0.01441075,99394
2035,WI,TX,0.036273298,210766
2036,KS,TX,0.101265867,292534
2037,NM,TX,0.199808137,416355
2038,SD,TX,0.045481391,39968
2039,NC,TX,0.030470039,313419
2040,MN,TX,0.038577896,216385
2041,WA,TX,0.013844934,103607
2042,NJ,TX,0.017561336,156281
2043,OK,TX,0.494604709,1940497
2044,DC,TX,0.017575541,12273
2045,IA,TX,0.040850332,128856
2046,HI,TX,0.02129937,29291
2047,WV,TX,0.032851283,59292
2048,WY,TX,0.0778831,44763
2049,RI,TX,0.012919789,13603
2050,VA,TX,0.02646358,222338
2051,UT,TX,0.050707005,160045
2052,CA,TX,0.01328581,523474
2053,GA,TX,0.038467428,402221
2054,OH,TX,0.02832669,330875
2055,ME,TX,0.04164211,55677
2056,AL,TX,0.064755407,315622
2057,TX,TX,0.76276098,21805428
2058,NH,TX,0.042825486,58035
2059,MT,TX,0.076589808,81089
2060,MI,TX,0.039610669,395798
2061,MD,TX,0.017103958,102768
2062,NY,TX,0.013114236,255954
2063,IA,UT,0.002510823,7920
2064,WA,UT,0.007271173,54413
2065,DE,UT,0.006409312,6177
2066,NM,UT,0.017044555,35517
2067,KY,UT,0.002275095,10128
2068,MS,UT,0.005237772,15572
2069,IN,UT,0.002246213,15025
2070,ND,UT,0.010387806,7821
2071,ME,UT,0.00449053,6004
2072,GA,UT,0.001012419,10586
2073,OK,UT,0.007322863,28730
2074,TN,UT,0.003483895,23514
2075,WY,UT,0.118419267,68061
2076,NY,UT,0.002439686,47616
2077,WV,UT,0.001698746,3066
2078,NV,UT,0.024546529,74218
2079,AK,UT,0.015427512,11077
2080,MI,UT,0.004349189,43458
2081,NJ,UT,0.00189254,16842
2082,VA,UT,0.002940252,24703
2083,KS,UT,0.000364515,1053
2084,NC,UT,0.00176733,18179
2085,MT,UT,0.043313587,45858
2086,MA,UT,0.00328553,22661
2087,HI,UT,0.007214197,9921
2088,PA,UT,0.003098654,39665
2089,MN,UT,0.00728128,40841
2090,CA,UT,0.004031752,158855
2091,NE,UT,0.01187106,22824
2092,OH,UT,0.00181111,21155
2093,FL,UT,0.001757586,37315
2094,CT,UT,0.001572458,5607
2095,VT,UT,0.017681832,11064
2096,ID,UT,0.12153347,212765
2097,NH,UT,0.011735962,15904
2098,MO,UT,0.003024079,18470
2099,MD,UT,0.001362085,8184
2100,CO,UT,0.030853318,174615
2101,AZ,UT,0.015999398,114428
2102,AR,UT,0.001995635,6004
2103,UT,UT,0.334794869,1056703
2104,TX,UT,0.003846891,109973
2105,SD,UT,0.016619688,14605
2106,OR,UT,0.007542918,31591
2107,WI,UT,0.00645762,37522
2108,IL,UT,0.001295252,16467
2109,AL,UT,0.002392254,11660
2110,LA,UT,0.004012232,18633
2111,MS,VT,0.001195081,3553
2112,NC,VT,0.001936295,19917
2113,IL,VT,0.001673436,21275
2114,NJ,VT,0.003020063,26876
2115,VA,VT,0.002052809,17247
2116,NY,VT,0.010436504,203692
2117,WV,VT,0.000802832,1449
2118,KY,VT,0.001014672,4517
2119,WA,VT,0.000140712,1053
2120,CT,VT,0.010827998,38610
2121,MN,VT,0.001737374,9745
2122,NV,VT,0.001645409,4975
2123,AZ,VT,0.000617448,4416
2124,MO,VT,0.001019542,6227
2125,OK,VT,0.001142397,4482
2126,AL,VT,0.002400461,11700
2127,MA,VT,0.017373542,119829
2128,OH,VT,0.001306088,15256
2129,FL,VT,0.001267638,26913
2130,NH,VT,0.094306834,127800
2131,UT,VT,0.001527753,4822
2132,VT,VT,0.850308521,532061
2133,MI,VT,0.001423609,14225
2134,PA,VT,0.001713732,21937
2135,MD,VT,0.000313892,1886
2136,CO,VT,0.00103666,5867
2137,ME,VT,0.041731113,55796
2138,TN,VT,0.000538719,3636
2139,TX,VT,0.001134587,32435
2140,RI,VT,0.025689513,27048
2141,CA,VT,0.000108322,4268
2142,SC,VT,0.00017688,892
2143,DC,VT,0.007124445,4975
2144,GA,VT,0.000170617,1784
2145,OR,VT,0.000251423,1053
2146,IN,VT,0.001240537,8298
2147,CT,VA,0.017091747,60945
2148,ND,VA,0.007977134,6006
2149,UT,VA,0.01243303,39242
2150,WA,VA,0.006923336,51810
2151,AK,VA,0.017306334,12426
2152,SC,VA,0.055534151,280057
2153,OH,VA,0.027466466,320827
2154,MN,VA,0.006952525,38997
2155,IA,VA,0.014436599,45538
2156,MS,VA,0.008051073,23936
2157,GA,VA,0.022595039,236257
2158,WI,VA,0.012276396,71332
2159,IL,VA,0.0099316,126264
2160,KS,VA,0.011932406,34470
2161,HI,VA,0.015197007,20899
2162,OK,VA,0.016893307,66278
2163,NE,VA,0.004836011,9298
2164,OR,VA,0.005361057,22453
2165,CA,VA,0.005288218,208361
2166,MO,VA,0.010370937,63342
2167,FL,VA,0.02145409,455488
2168,PA,VA,0.057995561,742385
2169,NY,VA,0.013607901,265589
2170,CO,VA,0.016330887,92425
2171,NJ,VA,0.023731138,211187
2172,TX,VA,0.009239039,264121
2173,MA,VA,0.014753498,101758
2174,AR,VA,0.011536725,34709
2175,LA,VA,0.012429025,57721
2176,IN,VA,0.00873788,58448
2177,DE,VA,0.088073305,84881
2178,MT,VA,0.004280544,4532
2179,KY,VA,0.041003818,182536
2180,NM,VA,0.006791044,14151
2181,ID,VA,0.012194189,21348
2182,WV,VA,0.402553438,726553
2183,NV,VA,0.005621512,16997
2184,SD,VA,0.019464551,17105
2185,ME,VA,0.036246593,48463
2186,RI,VA,0.016787272,17675
2187,VT,VA,0.032971248,20631
2188,DC,VA,0.171770013,119947
2189,NH,VA,0.038272488,51865
2190,MD,VA,0.155964266,937101
2191,VA,VA,1.360703837,11432171
2192,AZ,VA,0.00470091,33621
2193,MI,VA,0.012245243,122357
2194,NC,VA,0.163626345,1683083
2195,TN,VA,0.051181582,345442
2196,AL,VA,0.018110144,88270
2197,MN,WA,0.008957324,50242
2198,WV,WA,0.002943717,5313
2199,PA,WA,0.005806782,74331
2200,KY,WA,0.004983958,22187
2201,LA,WA,0.005876984,27293
2202,NH,WA,0.003426186,4643
2203,HI,WA,0.018907726,26002
2204,OR,WA,0.113945552,477223
2205,VT,WA,0.020039091,12539
2206,IL,WA,0.004208329,53502
2207,NY,WA,0.00255087,49786
2208,MD,WA,0.00925083,55583
2209,NM,WA,0.007269022,15147
2210,WA,WA,0.27430908,2052761
2211,NE,WA,0.007079258,13611
2212,AZ,WA,0.012080645,86401
2213,TX,WA,0.00398258,113852
2214,WY,WA,0.018181945,10450
2215,RI,WA,0.00759725,7999
2216,ME,WA,0.01554184,20780
2217,DC,WA,0.031545181,22028
2218,TN,WA,0.002909617,19638
2219,MA,WA,0.002904072,20030
2220,IN,WA,0.002547751,17042
2221,FL,WA,0.004057308,86140
2222,NV,WA,0.011752025,35533
2223,WI,WA,0.014057998,81684
2224,SD,WA,0.007730061,6793
2225,MS,WA,0.004416721,13131
2226,KS,WA,0.012491121,36084
2227,SC,WA,0.002798748,14114
2228,NJ,WA,0.003167942,28192
2229,AR,WA,0.004728499,14226
2230,GA,WA,0.005686513,59459
2231,CT,WA,0.00487302,17376
2232,AK,WA,0.054400887,39060
2233,MT,WA,0.097987804,103744
2234,VA,WA,0.007048369,59218
2235,DE,WA,0.004850823,4675
2236,MI,WA,0.007141165,71356
2237,ID,WA,0.152570159,267100
2238,NC,WA,0.003217243,33093
2239,IA,WA,0.006313516,19915
2240,OH,WA,0.003506474,40958
2241,AL,WA,0.007248982,35332
2242,CO,WA,0.015614749,88372
2243,OK,WA,0.010656256,41808
2244,MO,WA,0.005165821,31551
2245,CA,WA,0.007742395,305058
2246,UT,WA,0.014572264,45994
2247,NJ,WV,0.001207531,10746
2248,VA,WV,0.042256292,355023
2249,WA,WV,0.00180894,13537
2250,MI,WV,0.003505132,35024
2251,CT,WV,0.00145467,5187
2252,CA,WV,0.000661862,26078
2253,KY,WV,0.070215916,312579
2254,GA,WV,0.001795499,18774
2255,AZ,WV,0.000362415,2592
2256,OH,WV,0.055653267,650068
2257,MN,WV,0.002507024,14062
2258,OK,WV,0.01161743,45579
2259,ME,WV,0.000667147,892
2260,NH,WV,0.005499756,7453
2261,WV,WV,1.581054164,2853583
2262,NY,WV,0.002443119,47683
2263,LA,WV,0.007146565,33189
2264,MA,WV,0.000273444,1886
2265,MT,WV,0.003649607,3864
2266,CO,WV,0.001006446,5696
2267,UT,WV,0.003217405,10155
2268,WI,WV,0.004922124,28600
2269,MD,WV,0.028041416,168485
2270,NC,WV,0.007734682,79560
2271,FL,WV,0.003539335,75143
2272,AR,WV,0.003035001,9131
2273,NM,WV,0.003428875,7145
2274,AL,WV,0.00259537,12650
2275,MO,WV,0.004866851,29725
2276,OR,WV,0.001433563,6004
2277,PA,WV,0.047916051,613360
2278,DC,WV,0.019374194,13529
2279,ID,WV,0.001514277,2651
2280,VT,WV,0.0048999,3066
2281,IN,WV,0.006180411,41341
2282,IL,WV,0.001345671,17108
2283,MS,WV,0.005213554,15500
2284,SC,WV,0.008054184,40617
2285,TX,WV,0.00204439,58444
2286,TN,WV,0.008120643,54809
2287,WY,WV,0.011916568,6849
2288,IA,WV,0.002998088,9457
2289,NC,WI,0.007434958,76477
2290,WA,WI,0.007973662,59670
2291,MT,WI,0.02612624,27661
2292,NJ,WI,0.004697863,41807
2293,TN,WI,0.010866689,73343
2294,MI,WI,0.069019787,689660
2295,ME,WI,0.014437906,19304
2296,OR,WI,0.002512077,10521
2297,CT,WI,0.008814961,31432
2298,AL,WI,0.006073782,29604
2299,NM,WI,0.005856201,12203
2300,KS,WI,0.012286882,35494
2301,KY,WI,0.007334754,32652
2302,UT,WI,0.00606507,19143
2303,VT,WI,0.009376293,5867
2304,MN,WI,0.169496889,950715
2305,OK,WI,0.018560004,72817
2306,MO,WI,0.022006191,134406
2307,NE,WI,0.015399507,29608
2308,GA,WI,0.007844765,82026
2309,WI,WI,1.237446347,7190182
2310,NY,WI,0.005714274,111527
2311,WV,WI,0.005894637,10639
2312,MA,WI,0.003614504,24930
2313,FL,WI,0.009359646,198713
2314,ND,WI,0.023142454,17424
2315,DE,WI,0.003856793,3717
2316,LA,WI,0.004844695,22499
2317,RI,WI,0.004145768,4365
2318,TX,WI,0.006540551,186978
2319,SC,WI,0.00799648,40326
2320,MD,WI,0.008843735,53137
2321,NH,WI,0.016122927,21849
2322,PA,WI,0.011165777,142930
2323,VA,WI,0.004029204,33852
2324,AZ,WI,0.008012423,57305
2325,OH,WI,0.014475955,169089
2326,ID,WI,0.007098996,12428
2327,IL,WI,0.057792668,734739
2328,CO,WI,0.011792517,66740
2329,CA,WI,0.002671583,105263
2330,IN,WI,0.021673523,144975
2331,AR,WI,0.011117257,33447
2332,NV,WI,0.010441651,31571
2333,IA,WI,0.093067528,293567
2334,MS,WI,0.007841185,23312
2335,SD,WI,0.029921129,26294
2336,MO,WY,0.003680633,22480
2337,MN,WY,0.003290402,18456
2338,DE,WY,0.005910222,5696
2339,MA,WY,0.000774806,5344
2340,AL,WY,0.001248855,6087
2341,PA,WY,0.001443747,18481
2342,ND,WY,0.013050835,9826
2343,UT,WY,0.06863703,216637
2344,WV,WY,0.002140885,3864
2345,OH,WY,0.000478654,5591
2346,CA,WY,0.000919622,36234
2347,WA,WY,0.002887195,21606
2348,MD,WY,0.000302575,1818
2349,SC,WY,0.001059693,5344
2350,NV,WY,0.007984286,24141
2351,AK,WY,0.001658767,1191
2352,NE,WY,0.060838661,116972
2353,TX,WY,0.001730617,49474
2354,SD,WY,0.085366367,75018
2355,MI,WY,0.00220672,22050
2356,AZ,WY,0.00746922,53420
2357,CO,WY,0.053581566,303246
2358,WY,WY,1.27618983,733485
2359,CT,WY,0.000545466,1945
2360,GA,WY,0.002477204,25902
2361,AR,WY,0.005646212,16987
2362,NC,WY,0.000189089,1945
2363,MT,WY,0.177168418,187576
2364,TN,WY,0.001296126,8748
2365,NM,WY,0.004049863,8439
2366,LA,WY,0.003097513,14385
2367,OR,WY,0.003353257,14044
2368,OK,WY,0.010361609,40652
2369,VA,WY,0.000282801,2376
2370,IN,WY,0.001758998,11766
2371,IA,WY,0.006060214,19116
2372,NY,WY,0.000511701,9987
2373,KY,WY,0.000200374,892
2374,WI,WY,0.002025299,11768
2375,DC,WY,0.001894601,1323
2376,FL,WY,0.001423167,30215
2377,MS,WY,0.002122421,6310
2378,ID,WY,0.076180548,133367
2379,KS,WY,0.003537143,10218
2380,IL,WY,0.000591661,7522